{
    "BTC": {
        "BTC": 1.0,
        "ETH": 0.8272717807,
        "SOL": 0.6204544794,
        "BNB": 0.774642205,
        "ADA": 0.7970664389,
        "DAI": -0.425659409,
        "DOGE": 0.6230585628,
        "DOT": 0.9455022746,
        "MATIC": 0.5485657926,
        "XRP": 0.7827166421
    },
    "ETH": {
        "BTC": 0.8272717807,
        "ETH": 1.0,
        "SOL": 0.8761068993,
        "BNB": 0.929535177,
        "ADA": 0.8410991069,
        "DAI": -0.4603034638,
        "DOGE": 0.7538721285,
        "DOT": 0.7816804201,
        "MATIC": 0.8752254043,
        "XRP": 0.8056075245
    },
    "SOL": {
        "BTC": 0.6204544794,
        "ETH": 0.8761068993,
        "SOL": 1.0,
        "BNB": 0.7712130069,
        "ADA": 0.674257057,
        "DAI": -0.3181593282,
        "DOGE": 0.4821125726,
        "DOT": 0.6185742296,
        "MATIC": 0.8195865508,
        "XRP": 0.5978051399
    },
    "BNB": {
        "BTC": 0.774642205,
        "ETH": 0.929535177,
        "SOL": 0.7712130069,
        "BNB": 1.0,
        "ADA": 0.7790298183,
        "DAI": -0.4764819545,
        "DOGE": 0.7728905402,
        "DOT": 0.7422842048,
        "MATIC": 0.8299020421,
        "XRP": 0.8202989467
    },
    "ADA": {
        "BTC": 0.7970664389,
        "ETH": 0.8410991069,
        "SOL": 0.674257057,
        "BNB": 0.7790298183,
        "ADA": 1.0,
        "DAI": -0.3503057018,
        "DOGE": 0.8133396334,
        "DOT": 0.8145996692,
        "MATIC": 0.6803206282,
        "XRP": 0.8425300085
    },
    "DAI": {
        "BTC": -0.425659409,
        "ETH": -0.4603034638,
        "SOL": -0.3181593282,
        "BNB": -0.4764819545,
        "ADA": -0.3503057018,
        "DAI": 1.0,
        "DOGE": -0.3230863603,
        "DOT": -0.2877407216,
        "MATIC": -0.4166221798,
        "XRP": -0.3195291123
    },
    "DOGE": {
        "BTC": 0.6230585628,
        "ETH": 0.7538721285,
        "SOL": 0.4821125726,
        "BNB": 0.7728905402,
        "ADA": 0.8133396334,
        "DAI": -0.3230863603,
        "DOGE": 1.0,
        "DOT": 0.6452071927,
        "MATIC": 0.6477717636,
        "XRP": 0.854366414
    },
    "DOT": {
        "BTC": 0.9455022746,
        "ETH": 0.7816804201,
        "SOL": 0.6185742296,
        "BNB": 0.7422842048,
        "ADA": 0.8145996692,
        "DAI": -0.2877407216,
        "DOGE": 0.6452071927,
        "DOT": 1.0,
        "MATIC": 0.5006066056,
        "XRP": 0.7992369801
    },
    "MATIC": {
        "BTC": 0.5485657926,
        "ETH": 0.8752254043,
        "SOL": 0.8195865508,
        "BNB": 0.8299020421,
        "ADA": 0.6803206282,
        "DAI": -0.4166221798,
        "DOGE": 0.6477717636,
        "DOT": 0.5006066056,
        "MATIC": 1.0,
        "XRP": 0.6180089616
    },
    "XRP": {
        "BTC": 0.7827166421,
        "ETH": 0.8056075245,
        "SOL": 0.5978051399,
        "BNB": 0.8202989467,
        "ADA": 0.8425300085,
        "DAI": -0.3195291123,
        "DOGE": 0.854366414,
        "DOT": 0.7992369801,
        "MATIC": 0.6180089616,
        "XRP": 1.0
    }
}